LNP_ID,Experiment_ID,Formulation_ID,IL_name,IL_SMILES,IL_molratio,HL_name,HL_molratio,CHL_name,CHL_molratio,PEG_name,PEG_molratio,Model,Model_type,Cargo,Cargo_type,Experiment_method,Experiment_value,Publication_link,Publication_PMID
LNP_0000505,KL_2010,KL_2010_F8,112C12,CCCCCCCCCCC(O)CN(CCCN(CC(O)CCCCCCCCCC)CC(O)CCCCCCCCCC)CCN(CC(O)CCCCCCCCCC)CC(O)CCCCCCCCCC,50.0,DSPC,10.0,Cholesterol,38.5,DMG-PEG2000,1.5,in_vitro,HeLa,siRNA,FLuc,luminescence_normalized,-0.949854837,https://www.pnas.org/doi/full/10.1073/pnas.0910603106,20080679.0
LNP_0000507,KL_2010,KL_2010_F10,112C14,CCCCCCCCCCCCC(O)CN(CCCN(CC(O)CCCCCCCCCCCC)CC(O)CCCCCCCCCCCC)CCN(CC(O)CCCCCCCCCCCC)CC(O)CCCCCCCCCCCC,50.0,DSPC,10.0,Cholesterol,38.5,DMG-PEG2000,1.5,in_vitro,HeLa,siRNA,FLuc,luminescence_normalized,-0.768671275,https://www.pnas.org/doi/full/10.1073/pnas.0910603106,20080679.0
LNP_0000532,KL_2010,KL_2010_F35,113C12,CCCCCCCCCCC(O)CN(CCN(C)CCN(CC(O)CCCCCCCCCC)CC(O)CCCCCCCCCC)CC(O)CCCCCCCCCC,50.0,DSPC,10.0,Cholesterol,38.5,DMG-PEG2000,1.5,in_vitro,HeLa,siRNA,FLuc,luminescence_normalized,-1.63684252,https://www.pnas.org/doi/full/10.1073/pnas.0910603106,20080679.0
LNP_0000534,KL_2010,KL_2010_F37,113C14,CCCCCCCCCCCCC(O)CN(CCN(C)CCN(CC(O)CCCCCCCCCCCC)CC(O)CCCCCCCCCCCC)CC(O)CCCCCCCCCCCC,50.0,DSPC,10.0,Cholesterol,38.5,DMG-PEG2000,1.5,in_vitro,HeLa,siRNA,FLuc,luminescence_normalized,-1.659490466,https://www.pnas.org/doi/full/10.1073/pnas.0910603106,20080679.0
LNP_0000536,KL_2010,KL_2010_F39,113C16,CCCCCCCCCCCCCCC(O)CN(CCN(C)CCN(CC(O)CCCCCCCCCCCCCC)CC(O)CCCCCCCCCCCCCC)CC(O)CCCCCCCCCCCCCC,50.0,DSPC,10.0,Cholesterol,38.5,DMG-PEG2000,1.5,in_vitro,HeLa,siRNA,FLuc,luminescence_normalized,-1.040446621,https://www.pnas.org/doi/full/10.1073/pnas.0910603106,20080679.0
LNP_0000559,KL_2010,KL_2010_F62,114C12,CCCCCCCCCCC(O)CN(CCN(CC(O)CCCCCCCCCC)CC(O)CCCCCCCCCC)CCN(CC(O)CCCCCCCCCC)CC(O)CCCCCCCCCC,50.0,DSPC,10.0,Cholesterol,38.5,DMG-PEG2000,1.5,in_vitro,HeLa,siRNA,FLuc,luminescence_normalized,1.171502733,https://www.pnas.org/doi/full/10.1073/pnas.0910603106,20080679.0
LNP_0000561,KL_2010,KL_2010_F64,114C14,CCCCCCCCCCCCC(O)CN(CCN(CC(O)CCCCCCCCCCCC)CC(O)CCCCCCCCCCCC)CCN(CC(O)CCCCCCCCCCCC)CC(O)CCCCCCCCCCCC,50.0,DSPC,10.0,Cholesterol,38.5,DMG-PEG2000,1.5,in_vitro,HeLa,siRNA,FLuc,luminescence_normalized,-0.421402773,https://www.pnas.org/doi/full/10.1073/pnas.0910603106,20080679.0
LNP_0000563,KL_2010,KL_2010_F66,114C16,CCCCCCCCCCCCCCC(O)CN(CCN(CC(O)CCCCCCCCCCCCCC)CC(O)CCCCCCCCCCCCCC)CCN(CC(O)CCCCCCCCCCCCCC)CC(O)CCCCCCCCCCCCCC,50.0,DSPC,10.0,Cholesterol,38.5,DMG-PEG2000,1.5,in_vitro,HeLa,siRNA,FLuc,luminescence_normalized,0.73364245,https://www.pnas.org/doi/full/10.1073/pnas.0910603106,20080679.0
LNP_0000580,KL_2010,KL_2010_F83,116C6,CCCCC(O)CN(CC(O)CCCC)[C@@H]1CCCC[C@H]1N(CC(O)CCCC)CC(O)CCCC,50.0,DSPC,10.0,Cholesterol,38.5,DMG-PEG2000,1.5,in_vitro,HeLa,siRNA,FLuc,luminescence_normalized,0.861980809,https://www.pnas.org/doi/full/10.1073/pnas.0910603106,20080679.0
LNP_0000582,KL_2010,KL_2010_F85,116C8,CCCCCCC(O)CN(CC(O)CCCCCC)[C@@H]1CCCC[C@H]1N(CC(O)CCCCCC)CC(O)CCCCCC,50.0,DSPC,10.0,Cholesterol,38.5,DMG-PEG2000,1.5,in_vitro,HeLa,siRNA,FLuc,luminescence_normalized,1.179052047,https://www.pnas.org/doi/full/10.1073/pnas.0910603106,20080679.0
LNP_0000615,KL_2010,KL_2010_F118,117C14,CCCCCCCCCCCCC(O)CN(CC(O)CCCCCCCCCCCC)[C@@H]1CCCC[C@@H]1N(CC(O)CCCCCCCCCCCC)CC(O)CCCCCCCCCCCC,50.0,DSPC,10.0,Cholesterol,38.5,DMG-PEG2000,1.5,in_vitro,HeLa,siRNA,FLuc,luminescence_normalized,0.107049291,https://www.pnas.org/doi/full/10.1073/pnas.0910603106,20080679.0
LNP_0000619,KL_2010,KL_2010_F122,117C18,CCCCCCCCCCCCCCCCC(O)CN(CC(O)CCCCCCCCCCCCCCCC)[C@@H]1CCCC[C@@H]1N(CC(O)CCCCCCCCCCCCCCCC)CC(O)CCCCCCCCCCCCCCCC,50.0,DSPC,10.0,Cholesterol,38.5,DMG-PEG2000,1.5,in_vitro,HeLa,siRNA,FLuc,luminescence_normalized,-0.262867154,https://www.pnas.org/doi/full/10.1073/pnas.0910603106,20080679.0
LNP_0000640,KL_2010,KL_2010_F143,120C12,CCCCCCCCCCC(O)CN(CCOCCOCCN(CC(O)CCCCCCCCCC)CC(O)CCCCCCCCCC)CC(O)CCCCCCCCCC,50.0,DSPC,10.0,Cholesterol,38.5,DMG-PEG2000,1.5,in_vitro,HeLa,siRNA,FLuc,luminescence_normalized,-1.38771512,https://www.pnas.org/doi/full/10.1073/pnas.0910603106,20080679.0
LNP_0000642,KL_2010,KL_2010_F145,120C14,CCCCCCCCCCCCC(O)CN(CCOCCOCCN(CC(O)CCCCCCCCCCCC)CC(O)CCCCCCCCCCCC)CC(O)CCCCCCCCCCCC,50.0,DSPC,10.0,Cholesterol,38.5,DMG-PEG2000,1.5,in_vitro,HeLa,siRNA,FLuc,luminescence_normalized,-1.583997313,https://www.pnas.org/doi/full/10.1073/pnas.0910603106,20080679.0
LNP_0000646,KL_2010,KL_2010_F149,120C18,CCCCCCCCCCCCCCCCC(O)CN(CCOCCOCCN(CC(O)CCCCCCCCCCCCCCCC)CC(O)CCCCCCCCCCCCCCCC)CC(O)CCCCCCCCCCCCCCCC,50.0,DSPC,10.0,Cholesterol,38.5,DMG-PEG2000,1.5,in_vitro,HeLa,siRNA,FLuc,luminescence_normalized,-1.05554525,https://www.pnas.org/doi/full/10.1073/pnas.0910603106,20080679.0
LNP_0000663,KL_2010,KL_2010_F166,200C8,CCCCCCC(O)CN(CCC)CCN1CCN(CCC)CC1,50.0,DSPC,10.0,Cholesterol,38.5,DMG-PEG2000,1.5,in_vitro,HeLa,siRNA,FLuc,luminescence_normalized,0.76383971,https://www.pnas.org/doi/full/10.1073/pnas.0910603106,20080679.0
LNP_0000665,KL_2010,KL_2010_F168,200C10,CCCCCCCCC(O)CN(CCC)CCN1CCN(CCC)CC1,50.0,DSPC,10.0,Cholesterol,38.5,DMG-PEG2000,1.5,in_vitro,HeLa,siRNA,FLuc,luminescence_normalized,0.643050669,https://www.pnas.org/doi/full/10.1073/pnas.0910603106,20080679.0
LNP_0000667,KL_2010,KL_2010_F170,200C12,CCCCCCCCCCC(O)CN(CCC)CCN1CCN(CCC)CC1,50.0,DSPC,10.0,Cholesterol,38.5,DMG-PEG2000,1.5,in_vitro,HeLa,siRNA,FLuc,luminescence_normalized,-1.425461694,https://www.pnas.org/doi/full/10.1073/pnas.0910603106,20080679.0
LNP_0000669,KL_2010,KL_2010_F172,200C14,CCCCCCCCCCCCC(O)CN(CCC)CCN1CCN(CCC)CC1,50.0,DSPC,10.0,Cholesterol,38.5,DMG-PEG2000,1.5,in_vitro,HeLa,siRNA,FLuc,luminescence_normalized,-0.179824687,https://www.pnas.org/doi/full/10.1073/pnas.0910603106,20080679.0
LNP_0000692,KL_2010,KL_2010_F195,63C10,CCCCCCCCC(O)CN(C)CN(C)CC(O)CCCCCCCC,50.0,DSPC,10.0,Cholesterol,38.5,DMG-PEG2000,1.5,in_vitro,HeLa,siRNA,FLuc,luminescence_normalized,1.231897253,https://www.pnas.org/doi/full/10.1073/pnas.0910603106,20080679.0
LNP_0000694,KL_2010,KL_2010_F197,63C12,CCCCCCCCCCC(O)CN(C)CN(C)CC(O)CCCCCCCCCC,50.0,DSPC,10.0,Cholesterol,38.5,DMG-PEG2000,1.5,in_vitro,HeLa,siRNA,FLuc,luminescence_normalized,1.050713688,https://www.pnas.org/doi/full/10.1073/pnas.0910603106,20080679.0
LNP_0000696,KL_2010,KL_2010_F199,63C14,CCCCCCCCCCCCC(O)CN(C)CN(C)CC(O)CCCCCCCCCCCC,50.0,DSPC,10.0,Cholesterol,38.5,DMG-PEG2000,1.5,in_vitro,HeLa,siRNA,FLuc,luminescence_normalized,1.020516428,https://www.pnas.org/doi/full/10.1073/pnas.0910603106,20080679.0
LNP_0000700,KL_2010,KL_2010_F203,63C18,CCCCCCCCCCCCCCCCC(O)CN(C)CN(C)CC(O)CCCCCCCCCCCCCCCC,50.0,DSPC,10.0,Cholesterol,38.5,DMG-PEG2000,1.5,in_vitro,HeLa,siRNA,FLuc,luminescence_normalized,-1.100841142,https://www.pnas.org/doi/full/10.1073/pnas.0910603106,20080679.0
LNP_0000721,KL_2010,KL_2010_F224,96C12,CCCCCCCCCCC(O)CN(C)CCCN(CC(O)CCCCCCCCCC)CC(O)CCCCCCCCCC,50.0,DSPC,10.0,Cholesterol,38.5,DMG-PEG2000,1.5,in_vitro,HeLa,siRNA,FLuc,luminescence_normalized,1.186601361,https://www.pnas.org/doi/full/10.1073/pnas.0910603106,20080679.0
LNP_0000723,KL_2010,KL_2010_F226,96C14,CCCCCCCCCCCCC(O)CN(C)CCCN(CC(O)CCCCCCCCCCCC)CC(O)CCCCCCCCCCCC,50.0,DSPC,10.0,Cholesterol,38.5,DMG-PEG2000,1.5,in_vitro,HeLa,siRNA,FLuc,luminescence_normalized,-1.478306901,https://www.pnas.org/doi/full/10.1073/pnas.0910603106,20080679.0
LNP_0000725,KL_2010,KL_2010_F228,96C16,CCCCCCCCCCCCCCC(O)CN(C)CCCN(CC(O)CCCCCCCCCCCCCC)CC(O)CCCCCCCCCCCCCC,50.0,DSPC,10.0,Cholesterol,38.5,DMG-PEG2000,1.5,in_vitro,HeLa,siRNA,FLuc,luminescence_normalized,-0.240219211,https://www.pnas.org/doi/full/10.1073/pnas.0910603106,20080679.0
LNP_0000727,KL_2010,KL_2010_F230,96C18,CCCCCCCCCCCCCCCCC(O)CN(C)CCCN(CC(O)CCCCCCCCCCCCCCCC)CC(O)CCCCCCCCCCCCCCCC,50.0,DSPC,10.0,Cholesterol,38.5,DMG-PEG2000,1.5,in_vitro,HeLa,siRNA,FLuc,luminescence_normalized,-1.312221967,https://www.pnas.org/doi/full/10.1073/pnas.0910603106,20080679.0
LNP_0000742,KL_2010,KL_2010_F245,98C6,CCCCC(O)CN(CCN(CCN(CC(O)CCCC)CC(O)CCCC)CC(O)CCCC)CCN(CC(O)CCCC)CC(O)CCCC,50.0,DSPC,10.0,Cholesterol,38.5,DMG-PEG2000,1.5,in_vitro,HeLa,siRNA,FLuc,luminescence_normalized,0.997868482,https://www.pnas.org/doi/full/10.1073/pnas.0910603106,20080679.0
LNP_0000748,KL_2010,KL_2010_F251,98C12,CCCCCCCCCCC(O)CN(CCN(CCN(CC(O)CCCCCCCCCC)CC(O)CCCCCCCCCC)CC(O)CCCCCCCCCC)CCN(CC(O)CCCCCCCCCC)CC(O)CCCCCCCCCC,50.0,DSPC,10.0,Cholesterol,38.5,DMG-PEG2000,1.5,in_vitro,HeLa,siRNA,FLuc,luminescence_normalized,-0.746023329,https://www.pnas.org/doi/full/10.1073/pnas.0910603106,20080679.0
LNP_0000750,KL_2010,KL_2010_F253,98C14,CCCCCCCCCCCCC(O)CN(CCN(CCN(CC(O)CCCCCCCCCCCC)CC(O)CCCCCCCCCCCC)CC(O)CCCCCCCCCCCC)CCN(CC(O)CCCCCCCCCCCC)CC(O)CCCCCCCCCCCC,50.0,DSPC,10.0,Cholesterol,38.5,DMG-PEG2000,1.5,in_vitro,HeLa,siRNA,FLuc,luminescence_normalized,-1.176334294,https://www.pnas.org/doi/full/10.1073/pnas.0910603106,20080679.0
LNP_0000752,KL_2010,KL_2010_F255,98C16,CCCCCCCCCCCCCCC(O)CN(CCN(CCN(CC(O)CCCCCCCCCCCCCC)CC(O)CCCCCCCCCCCCCC)CC(O)CCCCCCCCCCCCCC)CCN(CC(O)CCCCCCCCCCCCCC)CC(O)CCCCCCCCCCCCCC,50.0,DSPC,10.0,Cholesterol,38.5,DMG-PEG2000,1.5,in_vitro,HeLa,siRNA,FLuc,luminescence_normalized,0.258035592,https://www.pnas.org/doi/full/10.1073/pnas.0910603106,20080679.0
LNP_0000768,KL_2010,KL_2010_F271,100C8b,CCCCC(CC)COCC(O)CN(CCCN(CC(O)COCC(CC)CCCC)CC(O)COCC(CC)CCCC)CC(O)COCC(CC)CCCC,50.0,DSPC,10.0,Cholesterol,38.5,DMG-PEG2000,1.5,in_vitro,HeLa,siRNA,FLuc,luminescence_normalized,0.914826015,https://www.pnas.org/doi/full/10.1073/pnas.0910603106,20080679.0
LNP_0000769,KL_2010,KL_2010_F272,100C6,CCCCC(O)CN(CCCN(CC(O)CCCC)CC(O)CCCC)CC(O)CCCC,50.0,DSPC,10.0,Cholesterol,38.5,DMG-PEG2000,1.5,in_vitro,HeLa,siRNA,FLuc,luminescence_normalized,1.088460266,https://www.pnas.org/doi/full/10.1073/pnas.0910603106,20080679.0
LNP_0000771,KL_2010,KL_2010_F274,100C8,CCCCCCC(O)CN(CCCN(CC(O)CCCCCC)CC(O)CCCCCC)CC(O)CCCCCC,50.0,DSPC,10.0,Cholesterol,38.5,DMG-PEG2000,1.5,in_vitro,HeLa,siRNA,FLuc,luminescence_normalized,1.224347939,https://www.pnas.org/doi/full/10.1073/pnas.0910603106,20080679.0
LNP_0000775,KL_2010,KL_2010_F278,100C12,CCCCCCCCCCC(O)CN(CCCN(CC(O)CCCCCCCCCC)CC(O)CCCCCCCCCC)CC(O)CCCCCCCCCC,50.0,DSPC,10.0,Cholesterol,38.5,DMG-PEG2000,1.5,in_vitro,HeLa,siRNA,FLuc,luminescence_normalized,0.73364245,https://www.pnas.org/doi/full/10.1073/pnas.0910603106,20080679.0
LNP_0000777,KL_2010,KL_2010_F280,100C14,CCCCCCCCCCCCC(O)CN(CCCN(CC(O)CCCCCCCCCCCC)CC(O)CCCCCCCCCCCC)CC(O)CCCCCCCCCCCC,50.0,DSPC,10.0,Cholesterol,38.5,DMG-PEG2000,1.5,in_vitro,HeLa,siRNA,FLuc,luminescence_normalized,-1.312221967,https://www.pnas.org/doi/full/10.1073/pnas.0910603106,20080679.0
LNP_0000779,KL_2010,KL_2010_F282,100C16,CCCCCCCCCCCCCCC(O)CN(CCCN(CC(O)CCCCCCCCCCCCCC)CC(O)CCCCCCCCCCCCCC)CC(O)CCCCCCCCCCCCCC,50.0,DSPC,10.0,Cholesterol,38.5,DMG-PEG2000,1.5,in_vitro,HeLa,siRNA,FLuc,luminescence_normalized,0.582656148,https://www.pnas.org/doi/full/10.1073/pnas.0910603106,20080679.0
LNP_0000796,KL_2010,KL_2010_F299,103C6,CCCCC(O)CN(CCO)CCN(CCO)CC(O)CCCC,50.0,DSPC,10.0,Cholesterol,38.5,DMG-PEG2000,1.5,in_vitro,HeLa,siRNA,FLuc,luminescence_normalized,1.141305472,https://www.pnas.org/doi/full/10.1073/pnas.0910603106,20080679.0
LNP_0000798,KL_2010,KL_2010_F301,103C8,CCCCCCC(O)CN(CCO)CCN(CCO)CC(O)CCCCCC,50.0,DSPC,10.0,Cholesterol,38.5,DMG-PEG2000,1.5,in_vitro,HeLa,siRNA,FLuc,luminescence_normalized,0.960121907,https://www.pnas.org/doi/full/10.1073/pnas.0910603106,20080679.0
LNP_0000802,KL_2010,KL_2010_F305,103C12,CCCCCCCCCCC(O)CN(CCO)CCN(CCO)CC(O)CCCCCCCCCC,50.0,DSPC,10.0,Cholesterol,38.5,DMG-PEG2000,1.5,in_vitro,HeLa,siRNA,FLuc,luminescence_normalized,1.111108212,https://www.pnas.org/doi/full/10.1073/pnas.0910603106,20080679.0
LNP_0000804,KL_2010,KL_2010_F307,103C14,CCCCCCCCCCCCC(O)CN(CCO)CCN(CCO)CC(O)CCCCCCCCCCCC,50.0,DSPC,10.0,Cholesterol,38.5,DMG-PEG2000,1.5,in_vitro,HeLa,siRNA,FLuc,luminescence_normalized,0.235387646,https://www.pnas.org/doi/full/10.1073/pnas.0910603106,20080679.0
LNP_0000808,KL_2010,KL_2010_F311,103C18,CCCCCCCCCCCCCCCCC(O)CN(CCO)CCN(CCO)CC(O)CCCCCCCCCCCCCCCC,50.0,DSPC,10.0,Cholesterol,38.5,DMG-PEG2000,1.5,in_vitro,HeLa,siRNA,FLuc,luminescence_normalized,-0.625234284,https://www.pnas.org/doi/full/10.1073/pnas.0910603106,20080679.0
LNP_0000813,KL_2010,KL_2010_F316,103C10d,C=CCCCCCCC(O)CN(CCO)CCN(CCO)CC(O)CCCCCCC=C,50.0,DSPC,10.0,Cholesterol,38.5,DMG-PEG2000,1.5,in_vitro,HeLa,siRNA,FLuc,luminescence_normalized,0.054204084,https://www.pnas.org/doi/full/10.1073/pnas.0910603106,20080679.0
LNP_0000831,KL_2010,KL_2010_F334,109C14,CCCCCCCCCCCCC(O)CN(CCO)CCN(CC(O)CCCCCCCCCCCC)CC(O)CCCCCCCCCCCC,50.0,DSPC,10.0,Cholesterol,38.5,DMG-PEG2000,1.5,in_vitro,HeLa,siRNA,FLuc,luminescence_normalized,-0.549741132,https://www.pnas.org/doi/full/10.1073/pnas.0910603106,20080679.0
LNP_0000833,KL_2010,KL_2010_F336,109C16,CCCCCCCCCCCCCCC(O)CN(CCO)CCN(CC(O)CCCCCCCCCCCCCC)CC(O)CCCCCCCCCCCCCC,50.0,DSPC,10.0,Cholesterol,38.5,DMG-PEG2000,1.5,in_vitro,HeLa,siRNA,FLuc,luminescence_normalized,-0.00619044,https://www.pnas.org/doi/full/10.1073/pnas.0910603106,20080679.0
LNP_0000835,KL_2010,KL_2010_F338,109C18,CCCCCCCCCCCCCCCCC(O)CN(CCO)CCN(CC(O)CCCCCCCCCCCCCCCC)CC(O)CCCCCCCCCCCCCCCC,50.0,DSPC,10.0,Cholesterol,38.5,DMG-PEG2000,1.5,in_vitro,HeLa,siRNA,FLuc,luminescence_normalized,1.141305472,https://www.pnas.org/doi/full/10.1073/pnas.0910603106,20080679.0
LNP_0000850,KL_2010,KL_2010_F353,110C6,CCCCC(O)CN(CCN(CCN(CC(O)CCCC)CC(O)CCCC)CCN(CC(O)CCCC)CC(O)CCCC)CC(O)CCCC,50.0,DSPC,10.0,Cholesterol,38.5,DMG-PEG2000,1.5,in_vitro,HeLa,siRNA,FLuc,luminescence_normalized,1.179052047,https://www.pnas.org/doi/full/10.1073/pnas.0910603106,20080679.0
LNP_0000856,KL_2010,KL_2010_F359,110C12,CCCCCCCCCCC(O)CN(CCN(CCN(CC(O)CCCCCCCCCC)CC(O)CCCCCCCCCC)CCN(CC(O)CCCCCCCCCC)CC(O)CCCCCCCCCC)CC(O)CCCCCCCCCC,50.0,DSPC,10.0,Cholesterol,38.5,DMG-PEG2000,1.5,in_vitro,HeLa,siRNA,FLuc,luminescence_normalized,0.575106831,https://www.pnas.org/doi/full/10.1073/pnas.0910603106,20080679.0
LNP_0000858,KL_2010,KL_2010_F361,110C14,CCCCCCCCCCCCC(O)CN(CCN(CCN(CC(O)CCCCCCCCCCCC)CC(O)CCCCCCCCCCCC)CCN(CC(O)CCCCCCCCCCCC)CC(O)CCCCCCCCCCCC)CC(O)CCCCCCCCCCCC,50.0,DSPC,10.0,Cholesterol,38.5,DMG-PEG2000,1.5,in_vitro,HeLa,siRNA,FLuc,luminescence_normalized,-1.214080869,https://www.pnas.org/doi/full/10.1073/pnas.0910603106,20080679.0
LNP_0000860,KL_2010,KL_2010_F363,110C16,CCCCCCCCCCCCCCC(O)CN(CCN(CCN(CC(O)CCCCCCCCCCCCCC)CC(O)CCCCCCCCCCCCCC)CCN(CC(O)CCCCCCCCCCCCCC)CC(O)CCCCCCCCCCCCCC)CC(O)CCCCCCCCCCCCCC,50.0,DSPC,10.0,Cholesterol,38.5,DMG-PEG2000,1.5,in_vitro,HeLa,siRNA,FLuc,luminescence_normalized,-0.013739754,https://www.pnas.org/doi/full/10.1073/pnas.0910603106,20080679.0
LNP_0000988,KW_2014,KW_2014_F1,A125_C10,C=CCCN(CCC(=O)OCCCCCCCCCC)CCC(=O)OCCCCCCCCCC,50.0,DSPC,10.0,Cholesterol,38.5,DMG-PEG2000,1.5,in_vitro,HeLa,siRNA,FLuc,luminescence_normalized,0.591397232,https://www.nature.com/articles/ncomms5277,24969323.0
LNP_0000989,KW_2014,KW_2014_F2,A125_C11,C=CCCN(CCC(=O)OCCCCCCCCCCC)CCC(=O)OCCCCCCCCCCC,50.0,DSPC,10.0,Cholesterol,38.5,DMG-PEG2000,1.5,in_vitro,HeLa,siRNA,FLuc,luminescence_normalized,0.446443697,https://www.nature.com/articles/ncomms5277,24969323.0
LNP_0000990,KW_2014,KW_2014_F3,A125_C12,C=CCCN(CCC(=O)OCCCCCCCCCCCC)CCC(=O)OCCCCCCCCCCCC,50.0,DSPC,10.0,Cholesterol,38.5,DMG-PEG2000,1.5,in_vitro,HeLa,siRNA,FLuc,luminescence_normalized,0.376102158,https://www.nature.com/articles/ncomms5277,24969323.0
LNP_0000991,KW_2014,KW_2014_F4,A125_C13,C=CCCN(CCC(=O)OCCCCCCCCCCCCC)CCC(=O)OCCCCCCCCCCCCC,50.0,DSPC,10.0,Cholesterol,38.5,DMG-PEG2000,1.5,in_vitro,HeLa,siRNA,FLuc,luminescence_normalized,0.27087172,https://www.nature.com/articles/ncomms5277,24969323.0
LNP_0000992,KW_2014,KW_2014_F5,A125_C14,C=CCCN(CCC(=O)OCCCCCCCCCCCCCC)CCC(=O)OCCCCCCCCCCCCCC,50.0,DSPC,10.0,Cholesterol,38.5,DMG-PEG2000,1.5,in_vitro,HeLa,siRNA,FLuc,luminescence_normalized,0.005130584,https://www.nature.com/articles/ncomms5277,24969323.0
LNP_0000993,KW_2014,KW_2014_F6,A383_C14,CCCCCCCCCCCCCCOC(=O)CCN(C)c1ccc(Cc2ccc(N(CCC(=O)OCCCCCCCCCCCCCC)CCC(=O)OCCCCCCCCCCCCCC)cc2)cc1,50.0,DSPC,10.0,Cholesterol,38.5,DMG-PEG2000,1.5,in_vitro,HeLa,siRNA,FLuc,luminescence_normalized,-0.90163303,https://www.nature.com/articles/ncomms5277,24969323.0
LNP_0000994,KW_2014,KW_2014_F7,A342_C14,CCCCCCCCCCCCCCOC(=O)CCN(C)c1ccccc1N(CCC(=O)OCCCCCCCCCCCCCC)CCC(=O)OCCCCCCCCCCCCCC,50.0,DSPC,10.0,Cholesterol,38.5,DMG-PEG2000,1.5,in_vitro,HeLa,siRNA,FLuc,luminescence_normalized,-0.618139991,https://www.nature.com/articles/ncomms5277,24969323.0
LNP_0000995,KW_2014,KW_2014_F8,A172_C14,CCCCCCCCCCCCCCOC(=O)CCN(C)CCCCCCN(C)CCC(=O)OCCCCCCCCCCCCCC,50.0,DSPC,10.0,Cholesterol,38.5,DMG-PEG2000,1.5,in_vitro,HeLa,siRNA,FLuc,luminescence_normalized,0.156406218,https://www.nature.com/articles/ncomms5277,24969323.0
LNP_0000996,KW_2014,KW_2014_F9,A218_C14,CCCCCCCCCCCCCCOC(=O)CCN(C)CCCN(CC)CCCN(C)CCC(=O)OCCCCCCCCCCCCCC,50.0,DSPC,10.0,Cholesterol,38.5,DMG-PEG2000,1.5,in_vitro,HeLa,siRNA,FLuc,luminescence_normalized,1.287129138,https://www.nature.com/articles/ncomms5277,24969323.0
LNP_0000997,KW_2014,KW_2014_F10,A96_C14,CCCCCCCCCCCCCCOC(=O)CCN(C)CCCN(CCC(=O)OCCCCCCCCCCCCCC)CCC(=O)OCCCCCCCCCCCCCC,50.0,DSPC,10.0,Cholesterol,38.5,DMG-PEG2000,1.5,in_vitro,HeLa,siRNA,FLuc,luminescence_normalized,1.188358405,https://www.nature.com/articles/ncomms5277,24969323.0
LNP_0000998,KW_2014,KW_2014_F11,A60_C14,CCCCCCCCCCCCCCOC(=O)CCN(C)CCN(C)CCC(=O)OCCCCCCCCCCCCCC,50.0,DSPC,10.0,Cholesterol,38.5,DMG-PEG2000,1.5,in_vitro,HeLa,siRNA,FLuc,luminescence_normalized,0.016347511,https://www.nature.com/articles/ncomms5277,24969323.0
LNP_0000999,KW_2014,KW_2014_F12,A95_C14,CCCCCCCCCCCCCCOC(=O)CCN(C)CCN(CCC(=O)OCCCCCCCCCCCCCC)CCC(=O)OCCCCCCCCCCCCCC,50.0,DSPC,10.0,Cholesterol,38.5,DMG-PEG2000,1.5,in_vitro,HeLa,siRNA,FLuc,luminescence_normalized,0.284563878,https://www.nature.com/articles/ncomms5277,24969323.0
LNP_0001000,KW_2014,KW_2014_F13,A304_C14,CCCCCCCCCCCCCCOC(=O)CCN(C)CCN(CCN(C)CCC(=O)OCCCCCCCCCCCCCC)CCN(C)CCC(=O)OCCCCCCCCCCCCCC,50.0,DSPC,10.0,Cholesterol,38.5,DMG-PEG2000,1.5,in_vitro,HeLa,siRNA,FLuc,luminescence_normalized,1.542183615,https://www.nature.com/articles/ncomms5277,24969323.0
LNP_0001001,KW_2014,KW_2014_F14,A68_C14,CCCCCCCCCCCCCCOC(=O)CCN(C)CCOCCN(C)CCC(=O)OCCCCCCCCCCCCCC,50.0,DSPC,10.0,Cholesterol,38.5,DMG-PEG2000,1.5,in_vitro,HeLa,siRNA,FLuc,luminescence_normalized,0.369067536,https://www.nature.com/articles/ncomms5277,24969323.0
LNP_0001002,KW_2014,KW_2014_F15,A69_C14,CCCCCCCCCCCCCCOC(=O)CCN(C)CCOCCOCCN(C)CCC(=O)OCCCCCCCCCCCCCC,50.0,DSPC,10.0,Cholesterol,38.5,DMG-PEG2000,1.5,in_vitro,HeLa,siRNA,FLuc,luminescence_normalized,-0.267808716,https://www.nature.com/articles/ncomms5277,24969323.0
LNP_0001003,KW_2014,KW_2014_F16,A165_C14,CCCCCCCCCCCCCCOC(=O)CCN(C)CCOCCOCCN(C)CCC(=O)OCCCCCCCCCCCCCC,50.0,DSPC,10.0,Cholesterol,38.5,DMG-PEG2000,1.5,in_vitro,HeLa,siRNA,FLuc,luminescence_normalized,-0.000693688,https://www.nature.com/articles/ncomms5277,24969323.0
LNP_0001004,KW_2014,KW_2014_F17,A397_C14,CCCCCCCCCCCCCCOC(=O)CCN(c1ccccc1)c1ccc(-c2ccc(N(CCC(=O)OCCCCCCCCCCCCCC)c3ccccc3)cc2)cc1,50.0,DSPC,10.0,Cholesterol,38.5,DMG-PEG2000,1.5,in_vitro,HeLa,siRNA,FLuc,luminescence_normalized,-0.018177875,https://www.nature.com/articles/ncomms5277,24969323.0
LNP_0001005,KW_2014,KW_2014_F18,A64_C14,CCCCCCCCCCCCCCOC(=O)CCN(CC)CCCN(CC)CCC(=O)OCCCCCCCCCCCCCC,50.0,DSPC,10.0,Cholesterol,38.5,DMG-PEG2000,1.5,in_vitro,HeLa,siRNA,FLuc,luminescence_normalized,1.006942447,https://www.nature.com/articles/ncomms5277,24969323.0
LNP_0001006,KW_2014,KW_2014_F19,A61_C14,CCCCCCCCCCCCCCOC(=O)CCN(CC)CCN(CC)CCC(=O)OCCCCCCCCCCCCCC,50.0,DSPC,10.0,Cholesterol,38.5,DMG-PEG2000,1.5,in_vitro,HeLa,siRNA,FLuc,luminescence_normalized,0.126303201,https://www.nature.com/articles/ncomms5277,24969323.0
LNP_0001007,KW_2014,KW_2014_F20,A124_C14,CCCCCCCCCCCCCCOC(=O)CCN(CC)CCN(CCC(=O)OCCCCCCCCCCCCCC)CCC(=O)OCCCCCCCCCCCCCC,50.0,DSPC,10.0,Cholesterol,38.5,DMG-PEG2000,1.5,in_vitro,HeLa,siRNA,FLuc,luminescence_normalized,0.558413746,https://www.nature.com/articles/ncomms5277,24969323.0
LNP_0001008,KW_2014,KW_2014_F21,A393_C14,CCCCCCCCCCCCCCOC(=O)CCN(CCC(=O)OCCCCCCCCCCCCCC)[C@H](c1ccccc1)[C@H](c1ccccc1)N(CCC(=O)OCCCCCCCCCCCCCC)CCC(=O)OCCCCCCCCCCCCCC,50.0,DSPC,10.0,Cholesterol,38.5,DMG-PEG2000,1.5,in_vitro,HeLa,siRNA,FLuc,luminescence_normalized,0.090284279,https://www.nature.com/articles/ncomms5277,24969323.0
LNP_0001009,KW_2014,KW_2014_F22,A191_C14,CCCCCCCCCCCCCCOC(=O)CCN(CCC(=O)OCCCCCCCCCCCCCC)[C@@H](CO)CC(C)C,50.0,DSPC,10.0,Cholesterol,38.5,DMG-PEG2000,1.5,in_vitro,HeLa,siRNA,FLuc,luminescence_normalized,1.114244624,https://www.nature.com/articles/ncomms5277,24969323.0
LNP_0001010,KW_2014,KW_2014_F23,A192_C14,CCCCCCCCCCCCCCOC(=O)CCN(CCC(=O)OCCCCCCCCCCCCCC)[C@@H](CO)CC(C)C,50.0,DSPC,10.0,Cholesterol,38.5,DMG-PEG2000,1.5,in_vitro,HeLa,siRNA,FLuc,luminescence_normalized,2.652444137,https://www.nature.com/articles/ncomms5277,24969323.0
LNP_0001011,KW_2014,KW_2014_F24,A116_C14,CCCCCCCCCCCCCCOC(=O)CCN(CCC(=O)OCCCCCCCCCCCCCC)[C@@H]1CCCC[C@H]1N(CCC(=O)OCCCCCCCCCCCCCC)CCC(=O)OCCCCCCCCCCCCCC,50.0,DSPC,10.0,Cholesterol,38.5,DMG-PEG2000,1.5,in_vitro,HeLa,siRNA,FLuc,luminescence_normalized,0.70502409,https://www.nature.com/articles/ncomms5277,24969323.0
LNP_0001012,KW_2014,KW_2014_F25,A142_C14,CCCCCCCCCCCCCCOC(=O)CCN(CCC(=O)OCCCCCCCCCCCCCC)[C@H]1CC[C@H](N(CCC(=O)OCCCCCCCCCCCCCC)CCC(=O)OCCCCCCCCCCCCCC)CC1,50.0,DSPC,10.0,Cholesterol,38.5,DMG-PEG2000,1.5,in_vitro,HeLa,siRNA,FLuc,luminescence_normalized,0.046852111,https://www.nature.com/articles/ncomms5277,24969323.0
LNP_0001013,KW_2014,KW_2014_F26,A117_C14,CCCCCCCCCCCCCCOC(=O)CCN(CCC(=O)OCCCCCCCCCCCCCC)[C@@H]1CCCC[C@@H]1N(CCC(=O)OCCCCCCCCCCCCCC)CCC(=O)OCCCCCCCCCCCCCC,50.0,DSPC,10.0,Cholesterol,38.5,DMG-PEG2000,1.5,in_vitro,HeLa,siRNA,FLuc,luminescence_normalized,1.545845426,https://www.nature.com/articles/ncomms5277,24969323.0
LNP_0001014,KW_2014,KW_2014_F27,A233_C14,CCCCCCCCCCCCCCOC(=O)CCN(CCC(=O)OCCCCCCCCCCCCCC)C(=O)C1CCCN1C,50.0,DSPC,10.0,Cholesterol,38.5,DMG-PEG2000,1.5,in_vitro,HeLa,siRNA,FLuc,luminescence_normalized,-0.487038893,https://www.nature.com/articles/ncomms5277,24969323.0
LNP_0001015,KW_2014,KW_2014_F28,A178_C14,CCCCCCCCCCCCCCOC(=O)CCN(CCC(=O)OCCCCCCCCCCCCCC)C(C)(C)C,50.0,DSPC,10.0,Cholesterol,38.5,DMG-PEG2000,1.5,in_vitro,HeLa,siRNA,FLuc,luminescence_normalized,-0.36090019,https://www.nature.com/articles/ncomms5277,24969323.0
LNP_0001016,KW_2014,KW_2014_F29,A180_C14,CCCCCCCCCCCCCCOC(=O)CCN(CCC(=O)OCCCCCCCCCCCCCC)C(C)(C)CC,50.0,DSPC,10.0,Cholesterol,38.5,DMG-PEG2000,1.5,in_vitro,HeLa,siRNA,FLuc,luminescence_normalized,-0.739247226,https://www.nature.com/articles/ncomms5277,24969323.0
LNP_0001017,KW_2014,KW_2014_F30,A187_C14,CCCCCCCCCCCCCCOC(=O)CCN(CCC(=O)OCCCCCCCCCCCCCC)C(C)(C)CC(C)(C)C,50.0,DSPC,10.0,Cholesterol,38.5,DMG-PEG2000,1.5,in_vitro,HeLa,siRNA,FLuc,luminescence_normalized,-0.454068115,https://www.nature.com/articles/ncomms5277,24969323.0
LNP_0001018,KW_2014,KW_2014_F31,A26_C14,CCCCCCCCCCCCCCOC(=O)CCN(CCC(=O)OCCCCCCCCCCCCCC)C(C)(CO)CO,50.0,DSPC,10.0,Cholesterol,38.5,DMG-PEG2000,1.5,in_vitro,HeLa,siRNA,FLuc,luminescence_normalized,-0.186220187,https://www.nature.com/articles/ncomms5277,24969323.0
LNP_0001019,KW_2014,KW_2014_F32,A177_C14,CCCCCCCCCCCCCCOC(=O)CCN(CCC(=O)OCCCCCCCCCCCCCC)C(C)C,50.0,DSPC,10.0,Cholesterol,38.5,DMG-PEG2000,1.5,in_vitro,HeLa,siRNA,FLuc,luminescence_normalized,-0.221497938,https://www.nature.com/articles/ncomms5277,24969323.0
LNP_0001020,KW_2014,KW_2014_F33,A183_C14,CCCCCCCCCCCCCCOC(=O)CCN(CCC(=O)OCCCCCCCCCCCCCC)C(C)C(C)C,50.0,DSPC,10.0,Cholesterol,38.5,DMG-PEG2000,1.5,in_vitro,HeLa,siRNA,FLuc,luminescence_normalized,-0.304309722,https://www.nature.com/articles/ncomms5277,24969323.0
LNP_0001021,KW_2014,KW_2014_F34,A327_C14,CCCCCCCCCCCCCCOC(=O)CCN(CCC(=O)OCCCCCCCCCCCCCC)C(C)c1ccc(C)cc1,50.0,DSPC,10.0,Cholesterol,38.5,DMG-PEG2000,1.5,in_vitro,HeLa,siRNA,FLuc,luminescence_normalized,-0.78918011,https://www.nature.com/articles/ncomms5277,24969323.0
LNP_0001022,KW_2014,KW_2014_F35,A182_C14,CCCCCCCCCCCCCCOC(=O)CCN(CCC(=O)OCCCCCCCCCCCCCC)C(C)CC,50.0,DSPC,10.0,Cholesterol,38.5,DMG-PEG2000,1.5,in_vitro,HeLa,siRNA,FLuc,luminescence_normalized,-0.655217637,https://www.nature.com/articles/ncomms5277,24969323.0
LNP_0001023,KW_2014,KW_2014_F36,A184_C14,CCCCCCCCCCCCCCOC(=O)CCN(CCC(=O)OCCCCCCCCCCCCCC)C(C)CCC,50.0,DSPC,10.0,Cholesterol,38.5,DMG-PEG2000,1.5,in_vitro,HeLa,siRNA,FLuc,luminescence_normalized,-0.487731463,https://www.nature.com/articles/ncomms5277,24969323.0
LNP_0001024,KW_2014,KW_2014_F37,A190_C14,CCCCCCCCCCCCCCOC(=O)CCN(CCC(=O)OCCCCCCCCCCCCCC)C(C)CO,50.0,DSPC,10.0,Cholesterol,38.5,DMG-PEG2000,1.5,in_vitro,HeLa,siRNA,FLuc,luminescence_normalized,-0.155007835,https://www.nature.com/articles/ncomms5277,24969323.0
LNP_0001025,KW_2014,KW_2014_F38,A394_C14,CCCCCCCCCCCCCCOC(=O)CCN(CCC(=O)OCCCCCCCCCCCCCC)C(c1ccccc1)(c1ccccc1)c1ccccc1,50.0,DSPC,10.0,Cholesterol,38.5,DMG-PEG2000,1.5,in_vitro,HeLa,siRNA,FLuc,luminescence_normalized,-0.528237606,https://www.nature.com/articles/ncomms5277,24969323.0
LNP_0001026,KW_2014,KW_2014_F39,A384_C14,CCCCCCCCCCCCCCOC(=O)CCN(CCC(=O)OCCCCCCCCCCCCCC)C(c1ccccc1)c1ccccc1,50.0,DSPC,10.0,Cholesterol,38.5,DMG-PEG2000,1.5,in_vitro,HeLa,siRNA,FLuc,luminescence_normalized,0.115357729,https://www.nature.com/articles/ncomms5277,24969323.0
LNP_0001027,KW_2014,KW_2014_F40,A179_C14,CCCCCCCCCCCCCCOC(=O)CCN(CCC(=O)OCCCCCCCCCCCCCC)C(CC)CC,50.0,DSPC,10.0,Cholesterol,38.5,DMG-PEG2000,1.5,in_vitro,HeLa,siRNA,FLuc,luminescence_normalized,0.012113926,https://www.nature.com/articles/ncomms5277,24969323.0
LNP_0001028,KW_2014,KW_2014_F41,A197_C14,CCCCCCCCCCCCCCOC(=O)CCN(CCC(=O)OCCCCCCCCCCCCCC)C(CO)(CO)CO,50.0,DSPC,10.0,Cholesterol,38.5,DMG-PEG2000,1.5,in_vitro,HeLa,siRNA,FLuc,luminescence_normalized,-0.349214715,https://www.nature.com/articles/ncomms5277,24969323.0
LNP_0001029,KW_2014,KW_2014_F42,A194_C14,CCCCCCCCCCCCCCOC(=O)CCN(CCC(=O)OCCCCCCCCCCCCCC)C(CO)C(C)(C)C,50.0,DSPC,10.0,Cholesterol,38.5,DMG-PEG2000,1.5,in_vitro,HeLa,siRNA,FLuc,luminescence_normalized,-0.275348065,https://www.nature.com/articles/ncomms5277,24969323.0
LNP_0001030,KW_2014,KW_2014_F43,A21_C14,CCCCCCCCCCCCCCOC(=O)CCN(CCC(=O)OCCCCCCCCCCCCCC)C[C@@H](C)O,50.0,DSPC,10.0,Cholesterol,38.5,DMG-PEG2000,1.5,in_vitro,HeLa,siRNA,FLuc,luminescence_normalized,-1.277147572,https://www.nature.com/articles/ncomms5277,24969323.0
LNP_0001031,KW_2014,KW_2014_F44,A310_C14,CCCCCCCCCCCCCCOC(=O)CCN(CCC(=O)OCCCCCCCCCCCCCC)C[C@@H]1CCCN1CC,50.0,DSPC,10.0,Cholesterol,38.5,DMG-PEG2000,1.5,in_vitro,HeLa,siRNA,FLuc,luminescence_normalized,0.675300121,https://www.nature.com/articles/ncomms5277,24969323.0
LNP_0001032,KW_2014,KW_2014_F45,A311_C14,CCCCCCCCCCCCCCOC(=O)CCN(CCC(=O)OCCCCCCCCCCCCCC)C[C@H]1CCCN1CC,50.0,DSPC,10.0,Cholesterol,38.5,DMG-PEG2000,1.5,in_vitro,HeLa,siRNA,FLuc,luminescence_normalized,0.378946877,https://www.nature.com/articles/ncomms5277,24969323.0
LNP_0001033,KW_2014,KW_2014_F46,A318_C14,CCCCCCCCCCCCCCOC(=O)CCN(CCC(=O)OCCCCCCCCCCCCCC)C12C[C@H]3C[C@@H](C1)C[C@@H](C2)C3,50.0,DSPC,10.0,Cholesterol,38.5,DMG-PEG2000,1.5,in_vitro,HeLa,siRNA,FLuc,luminescence_normalized,-0.285687998,https://www.nature.com/articles/ncomms5277,24969323.0
LNP_0001034,KW_2014,KW_2014_F47,A395_C14,CCCCCCCCCCCCCCOC(=O)CCN(CCC(=O)OCCCCCCCCCCCCCC)c1c(-c2ccccc2)cc(-c2ccccc2)cc1-c1ccccc1,50.0,DSPC,10.0,Cholesterol,38.5,DMG-PEG2000,1.5,in_vitro,HeLa,siRNA,FLuc,luminescence_normalized,-0.330279959,https://www.nature.com/articles/ncomms5277,24969323.0
LNP_0001035,KW_2014,KW_2014_F48,A344_C14,CCCCCCCCCCCCCCOC(=O)CCN(CCC(=O)OCCCCCCCCCCCCCC)c1c(C)c(C)c(N(CCC(=O)OCCCCCCCCCCCCCC)CCC(=O)OCCCCCCCCCCCCCC)c(C)c1C,50.0,DSPC,10.0,Cholesterol,38.5,DMG-PEG2000,1.5,in_vitro,HeLa,siRNA,FLuc,luminescence_normalized,-0.765396581,https://www.nature.com/articles/ncomms5277,24969323.0
LNP_0001036,KW_2014,KW_2014_F49,A380_C14,CCCCCCCCCCCCCCOC(=O)CCN(CCC(=O)OCCCCCCCCCCCCCC)c1c(C)cc(-c2cc(C)c(N(CCC(=O)OCCCCCCCCCCCCCC)CCC(=O)OCCCCCCCCCCCCCC)c(C)c2)cc1C,50.0,DSPC,10.0,Cholesterol,38.5,DMG-PEG2000,1.5,in_vitro,HeLa,siRNA,FLuc,luminescence_normalized,0.408566264,https://www.nature.com/articles/ncomms5277,24969323.0
LNP_0001037,KW_2014,KW_2014_F50,A324_C14,CCCCCCCCCCCCCCOC(=O)CCN(CCC(=O)OCCCCCCCCCCCCCC)c1c(CC)cccc1CC,50.0,DSPC,10.0,Cholesterol,38.5,DMG-PEG2000,1.5,in_vitro,HeLa,siRNA,FLuc,luminescence_normalized,-0.207761799,https://www.nature.com/articles/ncomms5277,24969323.0
